,ETH_USDT,BNB_USDT,BTC_USDT
7:3,"{'MAE': 1768.5670469472786, 'MAPE': 91.08078505503221, 'RMSE': 1893.7584029467905, 'WAPE': 1486015.1914726524, 'R2': -6.821998594602394}","{'MAE': 157.8269217877454, 'MAPE': 50.755805079744235, 'RMSE': 170.0463118509642, 'WAPE': 822545.9260361451, 'R2': -6.217111282910707}","{'MAE': 27593.726023357445, 'MAPE': 99.36938443323577, 'RMSE': 28826.1666948335, 'WAPE': 1592302.4680517144, 'R2': -10.950209014787102}"
8:2,"{'MAE': 1443.9450495127232, 'MAPE': 88.76931073837106, 'RMSE': 1462.4860164722863, 'WAPE': 958643.6646397351, 'R2': -38.69089690191048}","{'MAE': 114.81559197946314, 'MAPE': 40.46747961859477, 'RMSE': 121.0764448756529, 'WAPE': 432738.3841446579, 'R2': -8.914476486594403}","{'MAE': 23783.827688979865, 'MAPE': 99.20651332876137, 'RMSE': 24200.853944537015, 'WAPE': 1058751.044260289, 'R2': -28.268155727073918}"
9:1,"{'MAE': 1583.3160427392888, 'MAPE': 88.78072789345342, 'RMSE': 1588.5686277401896, 'WAPE': 477254.5483089113, 'R2': -150.4681795301541}","{'MAE': 84.98450340835208, 'MAPE': 30.394357804902622, 'RMSE': 96.44343252787372, 'WAPE': 167730.3768961687, 'R2': -3.4733763730940357}","{'MAE': 27689.3209655272, 'MAPE': 99.26399281925866, 'RMSE': 27740.234907277427, 'WAPE': 528297.4751013246, 'R2': -271.6730043383581}"
