,ETH_USDT,BNB_USDT,BTC_USDT
MAE,5.287486920077056,0.7834128009941271,75.73865066257136
MAPE,0.29690875256954063,0.29565446684332275,0.2734158288604728
RMSE,8.795342605628697,1.3126732199635847,127.91524540030896
WAPE,0.2968898917323771,0.2981719118907157,0.271860086295015
R2,0.9954318325138565,0.9991769663538188,0.9946747463872576
