,ETH_USDT,BNB_USDT,BTC_USDT
7:3,"{'MAE': 104.41039021512887, 'MAPE': 32.370536759196774, 'RMSE': 275.7434287475969, 'WAPE': 527459.7224014552, 'R2': 0.8341639553400284}","{'MAE': 2.5270917985589985, 'MAPE': 23.677731446362422, 'RMSE': 3.6459647480273016, 'WAPE': 363572.02492633485, 'R2': 0.9966821717663874}","{'MAE': 24826.77707012714, 'MAPE': 88.53976051367147, 'RMSE': 26189.750503957002, 'WAPE': 1432635.0261313238, 'R2': -8.864258306419519}"
8:2,"{'MAE': 9.149677881734464, 'MAPE': 16.94220102813584, 'RMSE': 15.056142538494317, 'WAPE': 173867.40331330828, 'R2': 0.9957933642966025}","{'MAE': 1.4383431955101262, 'MAPE': 16.614545223159514, 'RMSE': 2.3988992512285554, 'WAPE': 166664.74033486308, 'R2': 0.9961079851914764}","{'MAE': 20610.390809821933, 'MAPE': 85.45091000584262, 'RMSE': 21090.260354063095, 'WAPE': 917483.6396339386, 'R2': -21.227870498935978}"
9:1,"{'MAE': 8.821562787224265, 'MAPE': 8.071121597281593, 'RMSE': 13.203554664952602, 'WAPE': 42692.50916994962, 'R2': 0.9895361578790094}","{'MAE': 1.0741085820732992, 'MAPE': 19.3644152633817, 'RMSE': 1.7212639204054263, 'WAPE': 99459.57705275805, 'R2': 0.9985750978140242}","{'MAE': 24109.717976691678, 'MAPE': 86.38335228219826, 'RMSE': 24168.174075202627, 'WAPE': 460000.55936181004, 'R2': -205.97102724014397}"
